<?xml version="1.0" encoding="UTF-8"?>
<beans xmlns="http://www.springframework.org/schema/beans"
	xmlns:xsi="http://www.w3.org/2001/XMLSchema-instance"
	xmlns:context="http://www.springframework.org/schema/context"
	xsi:schemaLocation="http://www.springframework.org/schema/beans http://www.springframework.org/schema/beans/spring-beans-4.3.xsd
		http://www.springframework.org/schema/context http://www.springframework.org/schema/context/spring-context-4.3.xsd">
<bean id = "cust" class = "org.cap.model.Customer">
<property name = "custId" value="2668"/>
<property name = "firstName" value="Annu"/>
<property name = "lastName" value="Chinnu"/>
<property name = "regfee" value="5000"/>
<property name = "address" ref="address"/>
</bean>
<bean id = "address" class = "org.cap.model.Address">
<property name = "streetName" value="Hitech city"/>
<property name = "city" value="Hyderabad"/>
</bean>

</beans>
