<?xml version="1.0" encoding="UTF-8"?>
<beans xmlns="http://www.springframework.org/schema/beans"
	xmlns:xsi="http://www.w3.org/2001/XMLSchema-instance"
	xmlns:context="http://www.springframework.org/schema/context"
	xsi:schemaLocation="http://www.springframework.org/schema/beans http://www.springframework.org/schema/beans/spring-beans-4.3.xsd
		http://www.springframework.org/schema/context http://www.springframework.org/schema/context/spring-context-4.3.xsd">

<bean id = "cust" class = "org.cap.model.Customer">
<constructor-arg name = "custId" value="2668"></constructor-arg>
<constructor-arg name = "firstName" value="Annu"></constructor-arg>
<constructor-arg name = "lastName" value="Chinnu"></constructor-arg>
<constructor-arg name = "regfee" value="500"></constructor-arg>
<constructor-arg name = "address" ref="address"></constructor-arg>

</bean>
<bean id = "address" class = "org.cap.model.Address">
<constructor-arg  name = "streetName" value="Hitech city"></constructor-arg>
<constructor-arg  name = "city" value="Hyderabad"></constructor-arg>
</bean>
</beans>
